{
  "mlp": {
    "r2": 0.8186426162719727,
    "rmse": 0.43442887994333523,
    "mae": 0.31088513135910034,
    "mse": 0.1887284517288208
  },
  "dnn": {
    "r2": 0.7953715920448303,
    "rmse": 0.4886535598408581,
    "mae": 0.34003663063049316,
    "mse": 0.23878230154514313
  },
  "dropout": {
    "r2": 0.6676624417304993,
    "rmse": 0.5727945688940546,
    "mae": 0.47507625818252563,
    "mse": 0.32809361815452576
  },
  "batch_norm": {
    "r2": 0.7611523270606995,
    "rmse": 0.47431848975971386,
    "mae": 0.3284900188446045,
    "mse": 0.2249780297279358
  },
  "hybrid": {
    "r2": 0.92535400390625,
    "rmse": 0.2590952663154112,
    "mae": 0.19880829751491547,
    "mse": 0.06713035702705383
  }
}